"id","sexo","fecha_nacimiento","a√±os_educacion","categoria","salario","salario_inicial","meses_empleado","meses_experiencia_previa","minoria","raza_sexo"
1,"Hombre","1952-02-03",15,"Directivo",57000,27000,98,144,"No","Blanca var√≥n"
2,"Hombre","1958-05-23",16,"Administrativo",40200,18750,98,36,"No","Blanca var√≥n"
3,"Mujer","1929-07-26",12,"Administrativo",21450,12000,98,381,"No","Blanca mujer"
4,"Mujer","1947-04-15",8,"Administrativo",21900,13200,98,190,"No","Blanca mujer"
5,"Hombre","1955-02-09",15,"Administrativo",45000,21000,98,138,"No","Blanca var√≥n"
6,"Hombre","1958-08-22",15,"Administrativo",32100,13500,98,67,"No","Blanca var√≥n"
7,"Hombre","1956-04-26",15,"Administrativo",36000,18750,98,114,"No","Blanca var√≥n"
8,"Mujer","1966-05-06",12,"Administrativo",21900,9750,98,0,"No","Blanca mujer"
9,"Mujer","1946-01-23",15,"Administrativo",27900,12750,98,115,"No","Blanca mujer"
10,"Mujer","1946-02-13",12,"Administrativo",24000,13500,98,244,"No","Blanca mujer"
11,"Mujer","1950-02-07",16,"Administrativo",30300,16500,98,143,"No","Blanca mujer"
12,"Hombre","1966-01-11",8,"Administrativo",28350,12000,98,26,"SÌ","Minor√≠a var√≥n"
13,"Hombre","1960-07-17",15,"Administrativo",27750,14250,98,34,"SÌ","Minor√≠a var√≥n"
14,"Mujer","1949-02-26",15,"Administrativo",35100,16800,98,137,"SÌ","Minor√≠a mujer"
15,"Hombre","1962-08-29",12,"Administrativo",27300,13500,97,66,"No","Blanca var√≥n"
16,"Hombre","1964-11-17",12,"Administrativo",40800,15000,97,24,"No","Blanca var√≥n"
17,"Hombre","1962-07-18",15,"Administrativo",46000,14250,97,48,"No","Blanca var√≥n"
18,"Hombre","1956-03-20",16,"Directivo",103750,27510,97,70,"No","Blanca var√≥n"
19,"Hombre","1962-08-19",12,"Administrativo",42300,14250,97,103,"No","Blanca var√≥n"
20,"Mujer","1940-01-23",12,"Administrativo",26250,11550,97,48,"No","Blanca mujer"
21,"Mujer","1963-02-19",16,"Administrativo",38850,15000,97,17,"No","Blanca mujer"
22,"Hombre","1940-09-24",12,"Administrativo",21750,12750,97,315,"SÌ","Minor√≠a var√≥n"
23,"Mujer","1965-03-15",15,"Administrativo",24000,11100,97,75,"SÌ","Minor√≠a mujer"
24,"Mujer","1933-03-27",12,"Administrativo",16950,9000,97,124,"SÌ","Minor√≠a mujer"
25,"Mujer","1942-07-01",15,"Administrativo",21150,9000,97,171,"SÌ","Minor√≠a mujer"
26,"Hombre","1966-11-08",15,"Administrativo",31050,12600,96,14,"No","Blanca var√≥n"
27,"Hombre","1954-03-19",19,"Directivo",60375,27480,96,96,"No","Blanca var√≥n"
28,"Hombre","1963-04-11",15,"Administrativo",32550,14250,96,43,"No","Blanca var√≥n"
29,"Hombre","1944-01-28",19,"Directivo",135000,79980,96,199,"No","Blanca var√≥n"
30,"Hombre","1961-09-17",15,"Administrativo",31200,14250,96,54,"No","Blanca var√≥n"
31,"Hombre","1964-02-24",12,"Administrativo",36150,14250,96,83,"No","Blanca var√≥n"
32,"Hombre","1954-01-28",19,"Directivo",110625,45000,96,120,"No","Blanca var√≥n"
33,"Hombre","1961-03-18",15,"Administrativo",42000,15000,96,68,"No","Blanca var√≥n"
34,"Hombre","1949-02-02",19,"Directivo",92000,39990,96,175,"No","Blanca var√≥n"
35,"Hombre","1961-08-22",17,"Directivo",81250,30000,96,18,"No","Blanca var√≥n"
36,"Mujer","1963-08-07",8,"Administrativo",31350,11250,96,52,"No","Blanca mujer"
37,"Hombre","1954-10-09",12,"Administrativo",29100,13500,96,113,"SÌ","Minor√≠a var√≥n"
38,"Hombre","1962-04-27",15,"Administrativo",31350,15000,96,49,"SÌ","Minor√≠a var√≥n"
39,"Hombre","1960-06-22",16,"Administrativo",36000,15000,96,46,"SÌ","Minor√≠a var√≥n"
40,"Mujer","1933-08-28",15,"Administrativo",19200,9000,96,23,"SÌ","Minor√≠a mujer"
41,"Mujer","1961-03-18",12,"Administrativo",23550,11550,96,52,"SÌ","Minor√≠a mujer"
42,"Hombre","1960-09-23",15,"Administrativo",35100,16500,95,90,"No","Blanca var√≥n"
43,"Hombre","1964-01-18",12,"Administrativo",23250,14250,95,46,"No","Blanca var√≥n"
44,"Hombre","1963-06-15",8,"Administrativo",29250,14250,95,50,"No","Blanca var√≥n"
45,"Hombre","1938-08-02",12,"Seguridad",30750,13500,95,307,"No","Blanca var√≥n"
46,"Mujer","1940-11-18",15,"Administrativo",22350,12750,95,165,"No","Blanca mujer"
47,"Mujer","1938-04-28",12,"Administrativo",30000,16500,95,228,"No","Blanca mujer"
48,"Hombre","1947-06-07",12,"Seguridad",30750,14100,94,240,"No","Blanca var√≥n"
49,"Hombre","1958-09-16",15,"Administrativo",34800,16500,94,93,"No","Blanca var√≥n"
50,"Hombre","1960-02-09",16,"Directivo",60000,23730,94,59,"No","Blanca var√≥n"
51,"Hombre","1962-07-08",12,"Administrativo",35550,15000,94,48,"No","Blanca var√≥n"
52,"Hombre","1963-11-12",15,"Administrativo",45150,15000,94,40,"No","Blanca var√≥n"
53,"Hombre","1954-04-21",18,"Directivo",73750,26250,94,56,"No","Blanca var√≥n"
54,"Hombre","1931-06-04",12,"Administrativo",25050,13500,94,444,"No","Blanca var√≥n"
55,"Hombre","1960-06-25",12,"Administrativo",27000,15000,94,120,"No","Blanca var√≥n"
56,"Hombre","1962-04-16",15,"Administrativo",26850,13500,94,5,"No","Blanca var√≥n"
57,"Hombre","1963-04-15",15,"Administrativo",33900,15750,94,78,"No","Blanca var√≥n"
58,"Mujer","1964-11-14",15,"Administrativo",26400,13500,94,3,"No","Blanca mujer"
59,"Hombre","1961-05-07",15,"Administrativo",28050,14250,94,36,"SÌ","Minor√≠a var√≥n"
60,"Hombre","1959-02-16",12,"Administrativo",30900,15000,94,102,"SÌ","Minor√≠a var√≥n"
61,"Hombre","1964-04-28",8,"Administrativo",22500,9750,94,36,"SÌ","Minor√≠a var√≥n"
62,"Hombre","1962-07-18",16,"Directivo",48000,21750,93,22,"No","Blanca var√≥n"
63,"Hombre","1961-08-20",17,"Directivo",55000,26250,93,32,"No","Blanca var√≥n"
64,"Hombre","1963-09-28",16,"Directivo",53125,21000,93,48,"No","Blanca var√≥n"
65,"Hombre","1964-03-28",8,"Administrativo",21900,14550,93,41,"No","Blanca var√≥n"
66,"Hombre","1962-02-16",19,"Directivo",78125,30000,93,7,"No","Blanca var√≥n"
67,"Hombre","1964-05-28",16,"Directivo",46000,21240,93,35,"No","Blanca var√≥n"
68,"Hombre","1963-05-05",16,"Directivo",45250,21480,93,36,"No","Blanca var√≥n"
69,"Hombre","1960-06-23",16,"Directivo",56550,25000,93,34,"No","Blanca var√≥n"
70,"Hombre","1962-02-08",15,"Administrativo",41100,20250,93,27,"No","Blanca var√≥n"
71,"Hombre","1948-08-26",17,"Directivo",82500,34980,93,207,"No","Blanca var√≥n"
72,"Mujer","1964-01-07",16,"Administrativo",54000,18000,93,11,"No","Blanca mujer"
73,"Mujer","1968-02-09",12,"Administrativo",26400,10500,93,0,"No","Blanca mujer"
74,"Mujer","1933-04-28",15,"Administrativo",33900,19500,93,192,"No","Blanca mujer"
75,"Mujer","1965-08-12",15,"Administrativo",24150,11550,93,0,"No","Blanca mujer"
76,"Mujer","1967-09-03",15,"Administrativo",29250,11550,93,11,"No","Blanca mujer"
77,"Mujer","1968-09-09",12,"Administrativo",27600,11400,93,6,"No","Blanca mujer"
78,"Mujer","1968-08-20",12,"Administrativo",22950,10500,93,10,"No","Blanca mujer"
79,"Mujer","1962-01-23",16,"Administrativo",34800,14550,93,8,"No","Blanca mujer"
80,"Mujer","1961-05-25",16,"Administrativo",51000,18000,93,22,"No","Blanca mujer"
81,"Mujer","1968-03-12",12,"Administrativo",24300,10950,93,5,"No","Blanca mujer"
82,"Mujer","1947-08-28",12,"Administrativo",24750,14250,93,193,"SÌ","Minor√≠a mujer"
83,"Mujer","1967-10-12",12,"Administrativo",22950,11250,93,0,"SÌ","Minor√≠a mujer"
84,"Mujer","1967-03-12",8,"Administrativo",25050,10950,93,8,"SÌ","Minor√≠a mujer"
85,"Hombre","1962-04-09",15,"Administrativo",25950,17100,92,42,"No","Blanca var√≥n"
86,"Hombre","1961-08-25",15,"Administrativo",31650,15750,92,64,"No","Blanca var√≥n"
87,"Hombre","1959-10-20",12,"Administrativo",24150,14100,92,130,"No","Blanca var√≥n"
88,"Hombre","1962-02-10",19,"Directivo",72500,28740,92,10,"No","Blanca var√≥n"
89,"Hombre","1961-06-24",19,"Directivo",68750,27480,92,8,"No","Blanca var√≥n"
90,"Mujer","1938-02-27",8,"Administrativo",16200,9750,92,0,"No","Blanca mujer"
91,"Mujer","1967-11-04",12,"Administrativo",20100,11250,92,24,"No","Blanca mujer"
92,"Mujer","1968-06-25",8,"Administrativo",24000,10950,92,6,"No","Blanca mujer"
93,"Mujer","1968-03-05",12,"Administrativo",25950,10950,92,0,"No","Blanca mujer"
94,"Mujer","1950-08-04",12,"Administrativo",24600,10050,92,44,"No","Blanca mujer"
95,"Mujer","1968-08-08",12,"Administrativo",28500,10500,92,6,"No","Blanca mujer"
96,"Hombre","1933-10-02",8,"Seguridad",30750,15000,92,432,"SÌ","Minor√≠a var√≥n"
97,"Hombre","1953-01-18",17,"Administrativo",40200,19500,92,168,"SÌ","Minor√≠a var√≥n"
98,"Hombre","1956-05-17",8,"Seguridad",30000,15000,92,144,"SÌ","Minor√≠a var√≥n"
99,"Mujer","1968-07-07",12,"Administrativo",22050,10950,92,5,"SÌ","Minor√≠a mujer"
100,"Hombre","1963-10-25",18,"Directivo",78250,27480,91,47,"No","Blanca var√≥n"
101,"Hombre","1960-03-14",16,"Directivo",60625,22500,91,44,"No","Blanca var√≥n"
102,"Hombre","1963-03-28",14,"Administrativo",39900,15750,91,59,"No","Blanca var√≥n"
103,"Hombre","1959-03-17",19,"Directivo",97000,35010,91,68,"No","Blanca var√≥n"
104,"Hombre","1962-11-05",15,"Administrativo",27450,15750,91,48,"No","Blanca var√≥n"
105,"Hombre","1966-03-07",15,"Administrativo",31650,13500,91,18,"No","Blanca var√≥n"
106,"Hombre","1962-08-04",19,"Directivo",91250,29490,91,23,"No","Blanca var√≥n"
107,"Mujer","1960-08-16",12,"Administrativo",25200,14400,91,83,"No","Blanca mujer"
108,"Mujer","1930-07-16",12,"Administrativo",21000,11550,91,108,"No","Blanca mujer"
109,"Hombre","1963-11-10",12,"Administrativo",30450,15000,91,49,"SÌ","Minor√≠a var√≥n"
110,"Hombre","1952-10-29",15,"Administrativo",28350,18000,91,151,"SÌ","Minor√≠a var√≥n"
111,"Hombre","1940-11-27",12,"Seguridad",30750,9000,91,314,"SÌ","Minor√≠a var√≥n"
112,"Hombre","1948-06-21",12,"Seguridad",30750,15000,91,240,"SÌ","Minor√≠a var√≥n"
113,"Hombre","1959-10-06",16,"Directivo",54875,27480,90,68,"No","Blanca var√≥n"
114,"Hombre","1961-08-25",14,"Administrativo",37800,16500,90,60,"No","Blanca var√≥n"
115,"Hombre","1961-05-12",15,"Administrativo",33450,14100,90,85,"No","Blanca var√≥n"
116,"Hombre","1962-06-09",15,"Administrativo",30300,16500,90,16,"No","Blanca var√≥n"
117,"Mujer","1932-01-14",12,"Administrativo",31500,18750,90,205,"No","Blanca mujer"
118,"Mujer","1964-03-04",12,"Administrativo",31650,14250,90,48,"No","Blanca mujer"
119,"Mujer","1963-07-23",12,"Administrativo",25200,14100,90,55,"No","Blanca mujer"
120,"Mujer","1964-11-12",16,"Directivo",37800,15750,90,7,"No","Blanca mujer"
121,"Mujer","1936-08-06",15,"Administrativo",18750,10500,90,54,"No","Blanca mujer"
122,"Mujer","1965-09-26",15,"Administrativo",32550,13500,90,22,"No","Blanca mujer"
123,"Mujer","1949-04-24",12,"Administrativo",33300,15000,90,3,"No","Blanca mujer"
124,"Mujer","1963-05-29",16,"Administrativo",38550,16500,90,0,"No","Blanca mujer"
125,"Hombre","1956-08-06",12,"Administrativo",27450,15000,90,173,"SÌ","Minor√≠a var√≥n"
126,"Hombre","1951-01-21",15,"Seguridad",24300,15000,90,191,"SÌ","Minor√≠a var√≥n"
127,"Hombre","1950-09-01",12,"Seguridad",30750,15000,90,209,"SÌ","Minor√≠a var√≥n"
128,"Mujer","1946-07-25",12,"Administrativo",19650,9750,90,229,"SÌ","Minor√≠a mujer"
129,"Hombre","1959-07-18",17,"Directivo",68750,27510,89,38,"No","Blanca var√≥n"
130,"Hombre","1958-09-06",20,"Directivo",59375,30000,89,6,"No","Blanca var√≥n"
131,"Hombre","1962-02-08",15,"Administrativo",31500,15750,89,22,"No","Blanca var√≥n"
132,"Hombre","1953-05-17",12,"Administrativo",27300,17250,89,175,"No","Blanca var√≥n"
133,"Hombre","1959-09-12",15,"Administrativo",27000,15750,89,87,"No","Blanca var√≥n"
134,"Mujer","1941-11-10",16,"Directivo",41550,24990,89,285,"No","Blanca mujer"
135,"Mujer","1968-05-22",12,"Administrativo",26250,10950,89,0,"No","Blanca mujer"
136,"Hombre","1939-08-25",12,"Administrativo",22200,15000,88,324,"No","Blanca var√≥n"
137,"Hombre","1937-07-12",21,"Directivo",65000,37500,88,264,"No","Blanca var√≥n"
138,"Hombre","1947-01-09",12,"Administrativo",30900,15000,88,252,"No","Blanca var√≥n"
139,"Mujer","1931-06-18",8,"Administrativo",20100,13200,88,90,"No","Blanca mujer"
140,"Mujer","1965-04-05",12,"Administrativo",22350,13500,88,26,"No","Blanca mujer"
141,"Mujer","1966-06-14",15,"Administrativo",35550,13350,88,32,"No","Blanca mujer"
142,"Mujer","1966-11-13",12,"Administrativo",28500,13950,88,34,"No","Blanca mujer"
143,"Mujer","1939-08-24",12,"Administrativo",24450,13200,88,107,"No","Blanca mujer"
144,"Mujer","1931-08-28",8,"Administrativo",16650,9750,88,412,"No","Blanca mujer"
145,"Hombre","1964-01-15",12,"Administrativo",26700,13500,88,38,"SÌ","Minor√≠a var√≥n"
146,"Hombre","1951-01-02",18,"Administrativo",43950,23250,88,182,"SÌ","Minor√≠a var√≥n"
147,"Hombre","1936-09-11",15,"Administrativo",23700,13500,88,359,"SÌ","Minor√≠a var√≥n"
148,"Mujer","1959-10-05",15,"Administrativo",26550,14250,88,61,"SÌ","Minor√≠a mujer"
149,"Hombre","1962-06-28",12,"Administrativo",27600,15000,87,75,"No","Blanca var√≥n"
150,"Hombre","1954-03-05",12,"Administrativo",25800,15000,87,143,"No","Blanca var√≥n"
151,"Hombre","1954-08-16",16,"Directivo",42300,26250,87,126,"No","Blanca var√≥n"
152,"Hombre","1929-05-03",8,"Seguridad",30750,15000,87,451,"No","Blanca var√≥n"
153,"Mujer","1967-05-13",12,"Administrativo",26700,12900,87,18,"No","Blanca mujer"
154,"Mujer","1940-06-07",12,"Administrativo",20850,12000,87,163,"No","Blanca mujer"
155,"Hombre","1963-03-06",15,"Administrativo",35250,15000,87,54,"SÌ","Minor√≠a var√≥n"
156,"Hombre","1963-01-12",15,"Administrativo",26700,15000,87,56,"SÌ","Minor√≠a var√≥n"
157,"Mujer","1967-07-02",12,"Administrativo",26550,13050,87,11,"SÌ","Minor√≠a mujer"
158,"Mujer","1964-09-20",12,"Administrativo",27750,12000,87,11,"SÌ","Minor√≠a mujer"
159,"Mujer","1951-01-13",16,"Administrativo",25050,12750,87,123,"SÌ","Minor√≠a mujer"
160,"Hombre","1951-08-27",16,"Directivo",66000,47490,86,150,"No","Blanca var√≥n"
161,"Hombre","1963-02-11",16,"Administrativo",52650,19500,86,20,"No","Blanca var√≥n"
162,"Hombre","1961-05-25",16,"Directivo",45625,23250,86,60,"No","Blanca var√≥n"
163,"Hombre","1965-11-10",15,"Administrativo",30900,15000,86,25,"No","Blanca var√≥n"
164,"Mujer","1965-08-13",15,"Administrativo",29400,16500,86,24,"No","Blanca mujer"
165,"Mujer","1966-04-29",15,"Administrativo",33300,13500,86,24,"No","Blanca mujer"
166,"Mujer","1942-07-12",12,"Administrativo",21900,9750,86,156,"No","Blanca mujer"
167,"Mujer","1932-08-26",12,"Administrativo",18150,9750,86,72,"No","Blanca mujer"
168,"Mujer","1962-04-23",16,"Directivo",46875,17250,86,19,"No","Blanca mujer"
169,"Hombre","1965-05-23",12,"Administrativo",25500,14400,86,37,"SÌ","Minor√≠a var√≥n"
170,"Hombre","1964-06-13",12,"Administrativo",26550,15000,86,38,"SÌ","Minor√≠a var√≥n"
171,"Hombre","1930-01-21",12,"Administrativo",26700,13500,86,367,"SÌ","Minor√≠a var√≥n"
172,"Mujer","1953-06-13",15,"Administrativo",29850,15000,86,79,"SÌ","Minor√≠a mujer"
173,"Hombre","1950-01-15",20,"Directivo",69250,42480,85,134,"No","Blanca var√≥n"
174,"Hombre","1935-01-07",8,"Seguridad",31950,15000,85,438,"No","Blanca var√≥n"
175,"Hombre","1938-01-08",8,"Administrativo",26250,15600,85,171,"No","Blanca var√≥n"
176,"Mujer","1962-10-05",16,"Administrativo",35700,17250,85,19,"No","Blanca mujer"
177,"Mujer","1962-08-11",12,"Administrativo",28500,16500,85,69,"No","Blanca mujer"
178,"Mujer","1938-01-17",12,"Administrativo",17100,10200,85,72,"No","Blanca mujer"
179,"Hombre","1965-01-19",12,"Administrativo",25200,13050,85,29,"SÌ","Minor√≠a var√≥n"
180,"Mujer","1960-01-23",12,"Administrativo",24000,12750,85,59,"SÌ","Minor√≠a mujer"
181,"Mujer","1939-01-04",12,"Administrativo",27450,10200,85,101,"SÌ","Minor√≠a mujer"
182,"Mujer","1943-03-08",12,"Administrativo",18450,10200,85,228,"SÌ","Minor√≠a mujer"
183,"Hombre","1960-03-01",15,"Administrativo",39300,15750,84,72,"No","Blanca var√≥n"
184,"Hombre","1964-11-05",15,"Administrativo",38850,15000,84,53,"No","Blanca var√≥n"
185,"Hombre","1930-08-28",8,"Seguridad",30750,15000,84,380,"No","Blanca var√≥n"
186,"Hombre","1964-07-06",15,"Administrativo",37500,20400,84,33,"No","Blanca var√≥n"
187,"Hombre","1963-07-29",16,"Directivo",58750,21750,84,13,"No","Blanca var√≥n"
188,"Mujer","1934-02-04",12,"Administrativo",34500,18750,84,208,"No","Blanca mujer"
189,"Mujer","1950-03-28",12,"Administrativo",36000,19980,84,240,"No","Blanca mujer"
190,"Mujer","1932-11-15",8,"Administrativo",29100,16500,84,35,"No","Blanca mujer"
191,"Mujer","1931-10-23",12,"Administrativo",16500,10200,84,288,"No","Blanca mujer"
192,"Hombre","1949-10-09",12,"Administrativo",19650,12750,84,180,"SÌ","Minor√≠a var√≥n"
193,"Mujer","1966-07-22",12,"Administrativo",24750,12000,84,41,"SÌ","Minor√≠a mujer"
194,"Mujer","1938-04-10",15,"Administrativo",27150,15750,84,231,"SÌ","Minor√≠a mujer"
195,"Mujer","1955-11-06",12,"Administrativo",26400,12750,84,36,"SÌ","Minor√≠a mujer"
196,"Mujer","1946-03-03",16,"Administrativo",23100,12000,84,214,"SÌ","Minor√≠a mujer"
197,"Hombre","1962-10-01",15,"Directivo",54900,25500,83,49,"No","Blanca var√≥n"
198,"Hombre","1952-03-17",19,"Directivo",70875,43500,83,156,"No","Blanca var√≥n"
199,"Hombre","1958-02-02",16,"Directivo",51250,27480,83,69,"No","Blanca var√≥n"
200,"Hombre","1963-02-13",17,"Directivo",67500,34980,83,9,"No","Blanca var√≥n"
201,"Hombre","1955-05-08",12,"Administrativo",29340,19500,83,150,"No","Blanca var√≥n"
202,"Hombre","1963-03-17",15,"Administrativo",39600,16500,83,47,"No","Blanca var√≥n"
203,"Hombre","1964-03-17",12,"Administrativo",29100,15000,83,50,"No","Blanca var√≥n"
204,"Hombre","1960-10-21",15,"Administrativo",33150,16500,83,69,"No","Blanca var√≥n"
205,"Hombre","1944-06-22",16,"Directivo",66750,52500,83,258,"No","Blanca var√≥n"
206,"Hombre","1943-05-22",12,"Seguridad",33750,15000,83,284,"No","Blanca var√≥n"
207,"Hombre","1959-02-15",15,"Administrativo",27300,17250,83,91,"No","Blanca var√≥n"
208,"Mujer","1968-11-28",12,"Administrativo",24000,11250,83,16,"No","Blanca mujer"
209,"Mujer","1934-01-14",8,"Administrativo",19800,10200,83,75,"No","Blanca mujer"
210,"Hombre","1949-05-04",15,"Administrativo",30600,16500,83,216,"SÌ","Minor√≠a var√≥n"
211,"Hombre","1950-11-08",15,"Administrativo",28950,15000,83,108,"SÌ","Minor√≠a var√≥n"
212,"Hombre","1965-05-14",15,"Administrativo",38400,16500,83,64,"SÌ","Minor√≠a var√≥n"
213,"Hombre","1945-10-20",8,"Seguridad",30750,15000,83,302,"SÌ","Minor√≠a var√≥n"
214,"Mujer","1968-09-13",12,"Administrativo",20400,10950,83,9,"SÌ","Minor√≠a mujer"
215,"Mujer","1968-09-15",12,"Administrativo",19200,11100,83,7,"SÌ","Minor√≠a mujer"
216,"Hombre","1964-05-16",15,"Administrativo",30150,15750,82,72,"No","Blanca var√≥n"
217,"Hombre","1949-03-15",16,"Administrativo",34620,27750,82,149,"No","Blanca var√≥n"
218,"Hombre","1964-03-21",15,"Administrativo",80000,15750,82,34,"No","Blanca var√≥n"
219,"Hombre","1963-02-02",12,"Administrativo",25350,15000,82,32,"No","Blanca var√≥n"
220,"Hombre","1963-08-17",12,"Administrativo",29850,15750,82,85,"No","Blanca var√≥n"
221,"Mujer","1947-05-22",12,"Administrativo",24000,13800,82,97,"No","Blanca mujer"
222,"Mujer","1935-09-15",15,"Administrativo",27750,19500,82,265,"No","Blanca mujer"
223,"Mujer","1942-03-14",8,"Administrativo",22350,10200,82,48,"No","Blanca mujer"
224,"Mujer","1934-11-20",12,"Administrativo",16200,10200,82,0,"No","Blanca mujer"
225,"Mujer","1967-10-13",15,"Administrativo",21900,12750,82,0,"No","Blanca mujer"
226,"Mujer","1964-06-21",16,"Administrativo",23250,15750,82,4,"No","Blanca mujer"
227,"Mujer","1965-07-17",12,"Administrativo",33900,12000,82,11,"No","Blanca mujer"
228,"Mujer","1963-09-21",15,"Administrativo",25650,14250,82,51,"No","Blanca mujer"
229,"Mujer","1940-08-21",12,"Administrativo",17250,10200,82,358,"No","Blanca mujer"
230,"Hombre","1934-02-04",15,"Administrativo",22500,15000,82,371,"SÌ","Minor√≠a var√≥n"
231,"Hombre","1965-01-09",16,"Directivo",40200,21000,81,3,"No","Blanca var√≥n"
232,"Hombre","1963-09-13",19,"Directivo",55500,33750,81,62,"No","Blanca var√≥n"
233,"Hombre","1963-07-21",15,"Administrativo",26550,15000,81,52,"No","Blanca var√≥n"
234,"Hombre","1960-11-12",15,"Administrativo",50550,19500,81,44,"No","Blanca var√≥n"
235,"Hombre","1962-09-11",19,"Directivo",75000,31500,81,13,"No","Blanca var√≥n"
236,"Mujer","1969-05-02",8,"Administrativo",27450,12000,81,9,"No","Blanca mujer"
237,"Mujer","1969-06-04",12,"Administrativo",22650,11250,81,0,"No","Blanca mujer"
238,"Mujer","1969-06-15",12,"Administrativo",27300,11250,81,5,"No","Blanca mujer"
239,"Mujer","1969-09-14",12,"Administrativo",27750,11225,81,5,"No","Blanca mujer"
240,"Mujer","1961-06-15",16,"Directivo",54375,18750,81,81,"No","Blanca mujer"
241,"Mujer","1936-08-27",8,"Administrativo",17400,10200,81,390,"No","Blanca mujer"
242,"Mujer","1967-11-03",12,"Administrativo",40800,18000,81,4,"No","Blanca mujer"
243,"Mujer","1969-02-10",12,"Administrativo",23100,10950,81,0,"No","Blanca mujer"
244,"Mujer","1969-09-15",8,"Administrativo",22500,10950,81,5,"No","Blanca mujer"
245,"Mujer","1969-03-16",12,"Administrativo",26700,11550,81,18,"No","Blanca mujer"
246,"Mujer","1968-01-14",12,"Administrativo",24900,11250,81,0,"No","Blanca mujer"
247,"Mujer","1968-05-13",12,"Administrativo",19650,10950,81,11,"No","Blanca mujer"
248,"Mujer","1969-04-09",12,"Administrativo",22050,10950,81,9,"No","Blanca mujer"
249,"Mujer","1969-05-09",12,"Administrativo",25500,12000,81,11,"No","Blanca mujer"
250,"Mujer","1966-10-10",15,"Administrativo",28200,12750,81,19,"No","Blanca mujer"
251,"Mujer","1969-01-19",12,"Administrativo",23100,11250,81,13,"No","Blanca mujer"
252,"Hombre","1969-09-18",12,"Administrativo",25500,11400,81,9,"SÌ","Minor√≠a var√≥n"
253,"Mujer","1942-02-21",8,"Administrativo",17100,10200,81,0,"SÌ","Minor√≠a mujer"
254,"Hombre","1964-02-08",18,"Directivo",68125,32490,80,29,"No","Blanca var√≥n"
255,"Hombre","1932-08-15",12,"Seguridad",30600,15750,80,460,"No","Blanca var√≥n"
256,"Hombre","1948-01-03",19,"Directivo",52125,27480,80,221,"No","Blanca var√≥n"
257,"Hombre","1951-09-24",19,"Directivo",61875,36750,80,199,"No","Blanca var√≥n"
258,"Hombre","1969-03-09",8,"Administrativo",21300,11550,80,24,"No","Blanca var√≥n"
259,"Mujer","1969-03-15",12,"Administrativo",19650,11250,80,5,"No","Blanca mujer"
260,"Mujer","1969-02-20",12,"Administrativo",22350,11250,80,5,"No","Blanca mujer"
261,"Mujer","1969-03-27",12,"Administrativo",23400,11250,80,18,"No","Blanca mujer"
262,"Mujer","1968-06-20",12,"Administrativo",24300,10950,80,8,"No","Blanca mujer"
263,"Mujer","1968-10-13",12,"Administrativo",28500,11250,80,4,"No","Blanca mujer"
264,"Mujer","1969-01-16",12,"Administrativo",19950,11250,80,8,"No","Blanca mujer"
265,"Mujer","1969-09-24",12,"Administrativo",23400,11250,80,0,"No","Blanca mujer"
266,"Mujer","1963-10-07",16,"Administrativo",34500,17250,80,3,"No","Blanca mujer"
267,"Mujer","1969-08-24",12,"Administrativo",18150,10950,80,0,"No","Blanca mujer"
268,"Hombre","1936-05-16",12,"Administrativo",22350,15000,80,272,"SÌ","Minor√≠a var√≥n"
269,"Hombre","1966-03-17",15,"Administrativo",40200,17250,79,38,"No","Blanca var√≥n"
270,"Hombre","1947-10-29",15,"Administrativo",28650,18000,79,261,"No","Blanca var√≥n"
271,"Hombre","1963-08-24",15,"Administrativo",27750,16500,79,55,"No","Blanca var√≥n"
272,"Hombre","1964-06-17",18,"Administrativo",66875,31980,79,30,"No","Blanca var√≥n"
273,"Hombre","1939-11-12",12,"Seguridad",30000,15750,79,308,"No","Blanca var√≥n"
274,"Hombre","1964-08-04",16,"Directivo",83750,21750,79,12,"No","Blanca var√≥n"
275,"Hombre","1963-01-14",12,"Administrativo",33900,16500,79,94,"No","Blanca var√≥n"
276,"Hombre","1965-05-11",16,"Directivo",56500,21000,79,12,"No","Blanca var√≥n"
277,"Mujer","1965-05-20",16,"Directivo",43000,17490,79,20,"No","Blanca mujer"
278,"Mujer","1943-06-12",8,"Administrativo",20850,12000,79,70,"No","Blanca mujer"
279,"Mujer","1969-04-16",12,"Administrativo",24450,12000,79,8,"No","Blanca mujer"
280,"Mujer","1969-10-20",12,"Administrativo",24750,10950,79,5,"No","Blanca mujer"
281,"Hombre","1945-02-18",8,"Seguridad",34500,15750,79,246,"SÌ","Minor√≠a var√≥n"
282,"Hombre","1963-09-15",14,"Administrativo",27900,15000,79,47,"SÌ","Minor√≠a var√≥n"
283,"Hombre","1963-02-25",19,"Directivo",68125,32010,78,35,"No","Blanca var√≥n"
284,"Hombre","1961-10-10",19,"Directivo",73500,33000,78,45,"No","Blanca var√≥n"
285,"Hombre","1930-05-28",8,"Seguridad",30750,15750,78,429,"No","Blanca var√≥n"
286,"Hombre","1958-03-07",15,"Directivo",40050,25500,78,133,"No","Blanca var√≥n"
287,"Hombre","1965-01-18",16,"Administrativo",40350,19500,78,20,"No","Blanca var√≥n"
288,"Hombre","1955-01-22",15,"Directivo",38700,23730,78,176,"No","Blanca var√≥n"
289,"Hombre","1964-10-27",17,"Directivo",65000,30750,78,26,"No","Blanca var√≥n"
290,"Hombre","1954-04-05",18,"Directivo",51450,36240,78,149,"No","Blanca var√≥n"
291,"Hombre","1934-09-23",12,"Seguridad",35250,15750,78,387,"No","Blanca var√≥n"
292,"Hombre","1963-05-07",14,"Administrativo",25950,15000,78,53,"No","Blanca var√≥n"
293,"Hombre","1965-09-19",15,"Administrativo",25050,14250,78,24,"No","Blanca var√≥n"
294,"Hombre","1968-10-10",12,"Administrativo",26700,12750,78,25,"No","Blanca var√≥n"
295,"Hombre","1932-08-20",8,"Administrativo",24000,15750,78,476,"No","Blanca var√≥n"
296,"Hombre","1964-02-12",12,"Administrativo",26850,15000,78,48,"No","Blanca var√≥n"
297,"Mujer","1942-04-16",12,"Administrativo",23400,15300,78,209,"No","Blanca mujer"
298,"Mujer","1966-08-24",12,"Administrativo",24600,13500,78,47,"No","Blanca mujer"
299,"Mujer","1965-05-11",15,"Administrativo",32550,18000,78,6,"No","Blanca mujer"
300,"Hombre","1960-05-26",16,"Administrativo",26550,15000,78,105,"SÌ","Minor√≠a var√≥n"
301,"Hombre","1968-08-04",12,"Administrativo",31500,13500,78,7,"SÌ","Minor√≠a var√≥n"
302,"Hombre","1939-09-28",8,"Administrativo",22350,15000,78,320,"SÌ","Minor√≠a var√≥n"
303,"Hombre","1938-02-10",12,"Seguridad",35250,15750,78,281,"SÌ","Minor√≠a var√≥n"
304,"Mujer","1945-09-28",15,"Administrativo",25800,13500,78,51,"SÌ","Minor√≠a mujer"
305,"Hombre","1941-10-25",12,"Seguridad",30750,15750,77,317,"No","Blanca var√≥n"
306,"Hombre","1966-04-05",15,"Administrativo",30750,16500,77,41,"No","Blanca var√≥n"
307,"Hombre","1945-07-24",16,"Directivo",50000,32490,77,264,"No","Blanca var√≥n"
308,"Hombre","1963-02-01",15,"Administrativo",34500,18000,77,63,"No","Blanca var√≥n"
309,"Hombre","1964-07-19",15,"Administrativo",26250,15750,77,38,"No","Blanca var√≥n"
310,"Hombre","1964-03-23",16,"Administrativo",44875,21240,77,22,"No","Blanca var√≥n"
311,"Mujer","1951-02-15",12,"Administrativo",22500,12000,77,63,"No","Blanca mujer"
312,"Mujer","1963-03-12",12,"Administrativo",25650,14250,77,64,"No","Blanca mujer"
313,"Mujer","1969-10-25",12,"Administrativo",21300,11250,77,0,"No","Blanca mujer"
314,"Mujer","1966-11-24",12,"Administrativo",29850,13500,77,38,"No","Blanca mujer"
315,"Mujer","1969-09-19",12,"Administrativo",34500,12150,77,4,"No","Blanca mujer"
316,"Hombre","1960-01-14",15,"Administrativo",27750,15000,77,52,"SÌ","Minor√≠a var√≥n"
317,"Hombre","1969-02-27",12,"Administrativo",27750,11550,77,12,"SÌ","Minor√≠a var√≥n"
318,"Hombre","1961-02-19",16,"Directivo",48750,21990,76,61,"No","Blanca var√≥n"
319,"Hombre","1966-03-02",15,"Administrativo",43410,15750,76,12,"No","Blanca var√≥n"
320,"Hombre","1936-11-10",12,"Administrativo",22050,15000,76,385,"No","Blanca var√≥n"
321,"Mujer","1953-10-26",12,"Administrativo",22050,12000,76,6,"No","Blanca mujer"
322,"Mujer","1938-03-02",12,"Administrativo",22500,14250,76,90,"No","Blanca mujer"
323,"Mujer","1967-05-13",15,"Administrativo",25500,12000,76,7,"No","Blanca mujer"
324,"Mujer","1966-10-14",12,"Administrativo",29160,15000,76,22,"No","Blanca mujer"
325,"Mujer","1934-11-04",8,"Administrativo",16800,10200,76,76,"No","Blanca mujer"
326,"Hombre","1958-07-24",8,"Seguridad",29550,15750,76,144,"SÌ","Minor√≠a var√≥n"
327,"Hombre","1965-03-02",12,"Administrativo",26700,15750,76,18,"SÌ","Minor√≠a var√≥n"
328,"Hombre","1952-10-25",18,"Directivo",55000,32490,75,125,"No","Blanca var√≥n"
329,"Hombre","1958-08-24",18,"Directivo",62500,34980,75,74,"No","Blanca var√≥n"
330,"Hombre","1959-05-09",15,"Administrativo",27300,17250,75,132,"No","Blanca var√≥n"
331,"Mujer","1942-02-04",12,"Administrativo",24450,12000,75,144,"No","Blanca mujer"
332,"Mujer","1964-05-10",16,"Administrativo",33000,18000,75,26,"No","Blanca mujer"
333,"Mujer","1965-01-26",15,"Administrativo",37050,18000,75,5,"No","Blanca mujer"
334,"Mujer","1966-05-09",12,"Administrativo",24450,10950,75,32,"SÌ","Minor√≠a mujer"
335,"Hombre","1930-02-26",8,"Seguridad",31950,15750,74,408,"No","Blanca var√≥n"
336,"Hombre","1964-01-10",16,"Directivo",47250,21240,74,45,"No","Blanca var√≥n"
337,"Mujer","1970-01-27",12,"Administrativo",26100,11550,74,2,"No","Blanca mujer"
338,"Mujer","1938-08-12",8,"Administrativo",15900,10200,74,43,"No","Blanca mujer"
339,"Mujer","1942-11-07",8,"Administrativo",23700,10650,74,281,"No","Blanca mujer"
340,"Mujer","1934-05-06",8,"Administrativo",21750,12450,74,318,"No","Blanca mujer"
341,"Hombre","1945-01-20",12,"Directivo",59400,33750,74,272,"SÌ","Minor√≠a var√≥n"
342,"Mujer","1948-06-01",12,"Administrativo",24450,14250,74,117,"SÌ","Minor√≠a mujer"
343,"Hombre","1953-06-09",16,"Directivo",103500,60000,73,150,"No","Blanca var√≥n"
344,"Hombre","1963-10-13",12,"Administrativo",35700,16500,73,72,"No","Blanca var√≥n"
345,"Mujer","1969-05-05",12,"Administrativo",22200,16500,73,7,"No","Blanca mujer"
346,"Mujer","1968-08-16",15,"Administrativo",22950,13950,73,22,"No","Blanca mujer"
347,"Mujer","1944-08-10",12,"Administrativo",23100,12000,73,228,"No","Blanca mujer"
348,"Mujer","1962-06-11",16,"Directivo",56750,30000,73,15,"No","Blanca mujer"
349,"Mujer","1938-03-22",17,"Administrativo",29100,12750,73,375,"No","Blanca mujer"
350,"Mujer","1939-04-21",12,"Administrativo",37650,15750,73,132,"No","Blanca mujer"
351,"Mujer","1966-01-27",12,"Administrativo",27900,13500,73,32,"No","Blanca mujer"
352,"Mujer","1933-11-26",8,"Administrativo",21150,12000,73,159,"No","Blanca mujer"
353,"Hombre","1955-03-10",12,"Seguridad",31200,15750,73,155,"SÌ","Minor√≠a var√≥n"
354,"Mujer","1946-05-08",12,"Administrativo",20550,11250,73,154,"SÌ","Minor√≠a mujer"
355,"Hombre","1961-05-19",15,"Administrativo",25950,17250,72,83,"No","Blanca var√≥n"
356,"Hombre","1965-11-10",15,"Administrativo",28350,15000,72,48,"No","Blanca var√≥n"
357,"Mujer","1932-01-18",8,"Administrativo",17700,10200,72,184,"No","Blanca mujer"
358,"Mujer","1944-04-11",15,"Administrativo",23550,13500,72,49,"No","Blanca mujer"
359,"Mujer","1941-06-12",12,"Administrativo",19950,10200,72,56,"No","Blanca mujer"
360,"Mujer","1968-08-11",12,"Administrativo",29400,15300,72,30,"No","Blanca mujer"
361,"Mujer","1966-06-09",12,"Administrativo",28800,13950,72,18,"No","Blanca mujer"
362,"Mujer","1937-04-08",8,"Administrativo",16950,10200,72,319,"No","Blanca mujer"
363,"Hombre","1954-06-03",16,"Administrativo",35700,18000,72,138,"SÌ","Minor√≠a var√≥n"
364,"Mujer","1947-03-26",12,"Administrativo",17400,10200,72,116,"SÌ","Minor√≠a mujer"
365,"Mujer","1948-10-16",8,"Administrativo",21450,10200,72,194,"SÌ","Minor√≠a mujer"
366,"Mujer","1961-03-21",12,"Administrativo",24750,12000,72,68,"SÌ","Minor√≠a mujer"
367,"Mujer","1942-05-22",12,"Administrativo",16950,10200,72,271,"SÌ","Minor√≠a mujer"
368,"Mujer","1943-07-20",12,"Administrativo",26100,13500,72,169,"SÌ","Minor√≠a mujer"
369,"Hombre","1967-11-14",14,"Administrativo",28050,15000,71,15,"No","Blanca var√≥n"
370,"Mujer","1963-01-20",16,"Administrativo",36600,18000,71,12,"No","Blanca mujer"
371,"Mujer","1966-04-05",16,"Directivo",58125,18000,71,11,"No","Blanca mujer"
372,"Hombre","1935-08-22",15,"Administrativo",21300,15750,70,372,"No","Blanca var√≥n"
373,"Hombre","1949-10-29",12,"Administrativo",22500,16500,70,216,"No","Blanca var√≥n"
374,"Hombre","1967-07-26",15,"Administrativo",29400,15750,70,15,"No","Blanca var√≥n"
375,"Hombre","1966-10-08",12,"Administrativo",27450,14700,70,41,"No","Blanca var√≥n"
376,"Hombre","1964-10-09",15,"Administrativo",29850,15750,70,48,"No","Blanca var√≥n"
377,"Hombre","1965-11-29",15,"Administrativo",25350,15750,70,56,"No","Blanca var√≥n"
378,"Mujer","1930-09-21",8,"Administrativo",15750,10200,70,275,"No","Blanca mujer"
379,"Mujer","1938-05-12",8,"Administrativo",19650,13050,70,102,"No","Blanca mujer"
380,"Mujer","1941-02-22",12,"Administrativo",21000,13500,70,82,"No","Blanca mujer"
381,"Hombre","1946-07-15",17,"Administrativo",27000,18000,70,192,"SÌ","Minor√≠a var√≥n"
382,"Hombre","1959-10-20",12,"Administrativo",24000,15750,70,120,"SÌ","Minor√≠a var√≥n"
383,"Hombre","1961-06-03",17,"Directivo",78500,28740,70,67,"SÌ","Minor√≠a var√≥n"
384,"Mujer","1955-11-11",12,"Administrativo",20850,13050,70,127,"SÌ","Minor√≠a mujer"
385,"Hombre","1930-10-01",12,"Seguridad",30000,15750,69,348,"No","Blanca var√≥n"
386,"Hombre","1934-08-18",8,"Seguridad",28500,15750,69,174,"No","Blanca var√≥n"
387,"Hombre","1965-02-03",19,"Directivo",65000,31980,69,74,"No","Blanca var√≥n"
388,"Hombre","1959-01-02",14,"Administrativo",30150,16500,69,110,"No","Blanca var√≥n"
389,"Hombre","1959-04-15",19,"Directivo",66875,32490,69,81,"No","Blanca var√≥n"
390,"Mujer","1968-11-09",15,"Administrativo",24150,13500,69,7,"No","Blanca mujer"
391,"Mujer","1969-01-12",12,"Administrativo",24450,12450,69,12,"No","Blanca mujer"
392,"Mujer","1970-05-12",12,"Administrativo",21600,12000,69,0,"No","Blanca mujer"
393,"Mujer","1969-06-24",12,"Administrativo",27900,12450,69,0,"No","Blanca mujer"
394,"Mujer","1970-02-04",8,"Administrativo",29100,12450,69,17,"No","Blanca mujer"
395,"Mujer","1970-03-09",12,"Administrativo",22650,11250,69,2,"No","Blanca mujer"
396,"Mujer","1970-08-17",12,"Administrativo",20850,11250,69,0,"No","Blanca mujer"
397,"Mujer","1970-01-17",12,"Administrativo",22950,12300,69,5,"No","Blanca mujer"
398,"Mujer","1970-11-21",12,"Administrativo",30600,12450,69,5,"No","Blanca mujer"
399,"Mujer","1970-02-06",12,"Administrativo",20400,11250,69,0,"No","Blanca mujer"
400,"Mujer","1969-08-06",12,"Administrativo",23850,12750,69,20,"No","Blanca mujer"
401,"Mujer","1970-03-14",12,"Administrativo",22800,11250,69,0,"No","Blanca mujer"
402,"Mujer","1970-02-07",12,"Administrativo",20700,11250,69,2,"No","Blanca mujer"
403,"Mujer","1970-04-28",12,"Administrativo",21300,11250,69,3,"SÌ","Minor√≠a mujer"
404,"Mujer","1953-05-01",12,"Administrativo",24300,15000,69,121,"SÌ","Minor√≠a mujer"
405,"Mujer","1944-07-12",12,"Administrativo",19650,13950,69,133,"SÌ","Minor√≠a mujer"
406,"Hombre","1965-10-05",17,"Directivo",60000,32490,68,17,"No","Blanca var√≥n"
407,"Hombre","1965-09-06",15,"Administrativo",30300,15750,68,55,"No","Blanca var√≥n"
408,"Hombre","1964-02-12",19,"Directivo",61250,33000,68,9,"No","Blanca var√≥n"
409,"Hombre","1962-11-21",19,"Administrativo",36000,19500,68,21,"No","Blanca var√≥n"
410,"Mujer","1942-01-09",8,"Administrativo",25200,18750,68,344,"No","Blanca mujer"
411,"Mujer","1931-08-21",12,"Administrativo",16200,10200,68,180,"No","Blanca mujer"
412,"Mujer","1970-06-16",12,"Administrativo",22800,11250,68,2,"No","Blanca mujer"
413,"Mujer","1966-03-13",16,"Directivo",43500,19500,68,11,"No","Blanca mujer"
414,"Hombre","1961-01-08",8,"Seguridad",30300,15750,68,155,"SÌ","Minor√≠a var√≥n"
415,"Hombre","1963-05-02",15,"Administrativo",31950,15750,68,70,"SÌ","Minor√≠a var√≥n"
416,"Hombre","1965-01-16",15,"Administrativo",35250,13500,67,6,"No","Blanca var√≥n"
417,"Hombre","1967-07-22",15,"Administrativo",37800,15000,67,36,"No","Blanca var√≥n"
418,"Hombre","1965-06-05",15,"Administrativo",31200,15750,67,46,"No","Blanca var√≥n"
419,"Hombre","1964-10-20",15,"Administrativo",29400,16500,67,68,"No","Blanca var√≥n"
420,"Hombre","1957-07-16",19,"Directivo",70000,35040,67,75,"No","Blanca var√≥n"
421,"Hombre","1961-11-01",15,"Administrativo",33900,15750,67,96,"No","Blanca var√≥n"
422,"Hombre","1963-07-20",15,"Administrativo",27150,16500,67,78,"No","Blanca var√≥n"
423,"Mujer","1936-04-26",12,"Administrativo",22200,13800,67,196,"No","Blanca mujer"
424,"Mujer","1966-07-06",15,"Administrativo",31350,11100,67,47,"No","Blanca mujer"
425,"Mujer","1942-01-26",12,"Administrativo",20850,13500,67,181,"No","Blanca mujer"
426,"Hombre","1952-10-27",16,"Administrativo",33300,17490,67,120,"SÌ","Minor√≠a var√≥n"
427,"Hombre","1942-04-21",8,"Administrativo",26250,16050,67,97,"SÌ","Minor√≠a var√≥n"
428,"Hombre","1964-02-28",15,"Administrativo",31950,15750,67,58,"SÌ","Minor√≠a var√≥n"
429,"Hombre","1946-08-13",8,"Seguridad",30000,15750,67,305,"SÌ","Minor√≠a var√≥n"
430,"Hombre","1956-04-29",19,"Directivo",66250,34980,67,99,"SÌ","Minor√≠a var√≥n"
431,"Hombre","1959-01-15",18,"Directivo",86250,45000,66,50,"No","Blanca var√≥n"
432,"Hombre","1964-03-12",12,"Administrativo",30750,15000,66,56,"No","Blanca var√≥n"
433,"Hombre","1966-11-15",12,"Administrativo",33540,15750,66,47,"No","Blanca var√≥n"
434,"Hombre",NA,16,"Administrativo",34950,20250,66,55,"No","Blanca var√≥n"
435,"Hombre","1964-05-24",15,"Administrativo",40350,16500,66,80,"No","Blanca var√≥n"
436,"Hombre","1965-05-27",12,"Administrativo",30270,15750,66,80,"No","Blanca var√≥n"
437,"Hombre","1933-09-04",8,"Administrativo",26250,16050,66,264,"No","Blanca var√≥n"
438,"Hombre","1964-10-11",15,"Administrativo",32400,15000,66,64,"No","Blanca var√≥n"
439,"Mujer","1970-06-25",12,"Administrativo",20400,11250,66,0,"No","Blanca mujer"
440,"Mujer","1947-11-10",8,"Administrativo",24150,12750,66,96,"No","Blanca mujer"
441,"Mujer","1949-08-02",15,"Administrativo",23850,13500,66,122,"No","Blanca mujer"
442,"Mujer","1968-09-18",12,"Administrativo",29700,13500,66,26,"No","Blanca mujer"
443,"Mujer","1929-02-10",8,"Administrativo",21600,13500,66,228,"No","Blanca mujer"
444,"Mujer","1961-09-16",12,"Administrativo",24450,15750,66,87,"No","Blanca mujer"
445,"Hombre","1963-08-04",15,"Administrativo",28050,16500,66,84,"SÌ","Minor√≠a var√≥n"
446,"Hombre","1958-08-03",16,"Directivo",1e+05,44100,66,128,"SÌ","Minor√≠a var√≥n"
447,"Hombre","1961-07-02",15,"Administrativo",49000,20550,66,86,"SÌ","Minor√≠a var√≥n"
448,"Mujer","1933-06-05",12,"Administrativo",16350,10200,66,163,"SÌ","Minor√≠a mujer"
449,"Hombre","1966-01-02",16,"Directivo",70000,21750,65,19,"No","Blanca var√≥n"
450,"Hombre","1954-07-21",19,"Directivo",55000,34980,65,129,"No","Blanca var√≥n"
451,"Hombre","1969-07-19",15,"Administrativo",28500,14250,65,20,"No","Blanca var√≥n"
452,"Hombre","1953-08-13",12,"Administrativo",28800,18000,65,210,"No","Blanca var√≥n"
453,"Hombre","1930-08-07",15,"Administrativo",24450,15750,65,338,"No","Blanca var√≥n"
454,"Hombre","1965-07-28",19,"Directivo",90625,31250,65,18,"No","Blanca var√≥n"
455,"Hombre","1964-01-17",16,"Directivo",43650,19500,65,19,"No","Blanca var√≥n"
456,"Hombre","1959-10-17",19,"Directivo",75000,42510,65,54,"No","Blanca var√≥n"
457,"Hombre","1968-05-27",15,"Administrativo",31650,14250,65,10,"No","Blanca var√≥n"
458,"Hombre","1965-07-06",19,"Directivo",61875,28740,65,26,"No","Blanca var√≥n"
459,"Mujer","1971-02-10",12,"Administrativo",21750,11250,65,0,"No","Blanca mujer"
460,"Mujer","1969-08-12",12,"Administrativo",22500,12750,65,24,"No","Blanca mujer"
461,"Mujer","1943-11-08",8,"Administrativo",21600,13500,65,173,"No","Blanca mujer"
462,"Mujer","1963-10-18",16,"Directivo",34410,19500,65,79,"No","Blanca mujer"
463,"Mujer","1934-10-15",15,"Administrativo",20700,14250,65,241,"No","Blanca mujer"
464,"Hombre","1962-03-20",19,"Directivo",47550,33000,64,27,"No","Blanca var√≥n"
465,"Hombre","1962-07-20",12,"Administrativo",33900,16500,64,106,"No","Blanca var√≥n"
466,"Mujer","1948-06-15",12,"Administrativo",23400,13500,64,198,"No","Blanca mujer"
467,"Mujer","1967-08-18",16,"Administrativo",32850,19500,64,20,"No","Blanca mujer"
468,"Mujer","1965-11-28",16,"Directivo",55750,19980,64,36,"No","Blanca mujer"
469,"Mujer","1964-06-01",15,"Administrativo",25200,13950,64,57,"No","Blanca mujer"
470,"Hombre","1964-01-22",12,"Administrativo",26250,15750,64,69,"SÌ","Minor√≠a var√≥n"
471,"Hombre","1966-08-03",15,"Administrativo",26400,15750,64,32,"SÌ","Minor√≠a var√≥n"
472,"Hombre","1966-02-21",15,"Administrativo",39150,15750,63,46,"No","Blanca var√≥n"
473,"Mujer","1937-11-25",12,"Administrativo",21450,12750,63,139,"No","Blanca mujer"
474,"Mujer","1968-11-05",12,"Administrativo",29400,14250,63,9,"No","Blanca mujer"
